owner_no,owner_name,description,manufacturer_code,price,
6,TravisPerkins,Makita 240V Corded 720 W Diamond Blade Slim Angle Grinder 115mm ,GA4530RKD,57.6,
6,TravisPerkins,Makita 240V Corded SDS-Plus 3 Mode Rotary Hammer Drill One Touch Chuck ,HR2630,114,
6,TravisPerkins,Makita LXT Cordless Hammer Drill and Impact Driver 18V - 2 Pack,DLX2145TJ,300,
6,TravisPerkins,Makita  Palm Sander 240V,B04556,57.6,
6,TravisPerkins,Makita  230mm Angle Grinder With Diamond Blade 240V,GA9020KD,109.2,
6,TravisPerkins,Makita  Lxt Impact Wrench Body Only 18V,DTW190Z,84,
6,TravisPerkins,Makita  Lxt Angle Grinder Body Only 18V 115mm,DGA452Z,102,
6,TravisPerkins,Makita  Planer Thicknesser 240V,2012NB,474,
6,TravisPerkins,Makita  10in Slide Compound Mitre Saw with Laser Guide 110V 260mm,LS1018LN,360,
6,TravisPerkins,Makita 18V Li-ion 4.0AH LXT Battery ,BL1840,74.4,
6,TravisPerkins,Makita  Bandsaw 240V,LB1200F,528,
6,TravisPerkins,Makita 1 230mm and 115mm Angle Grinder Twin Pack 110V,DK0056Z1,116.35,
6,TravisPerkins,Makita  Lxt Pin Nailer Body Only 18V,DPT353Z,330,
6,TravisPerkins,Makita Table Mitre Saw 240V,LH1201FL,408,
6,TravisPerkins,Makita  Wet Stone Polisher 110V,PW5000C,270,
6,TravisPerkins,Makita Table Saw & Stand 240V,2704NX,786,
6,TravisPerkins,Makita 240V Corded 720W Orbital Jigsaw, 4350FCT,126,
6,TravisPerkins,Makita  Lxt Brushless Oil Pulse Driver Body Only 18V,DTS141ZJ,288,
6,TravisPerkins,Makita  Lxt Brushless Router Trimmer Body Only 18V,DRT50ZX4,168,
6,TravisPerkins,Makita 240V Corded 720 W Diamond Blade Slim Angle Grinder 115mm ,GA4530RKD,57.6,
6,TravisPerkins,Makita 240V Corded SDS-Plus 3 Mode Rotary Hammer Drill One Touch Chuck ,HR2630,114,
6,TravisPerkins,Makita LXT Cordless Hammer Drill and Impact Driver 18V  - 2 Pack,DLX2145TJ,300,
6,TravisPerkins,Makita  Palm Sander 240V,B04556,57.6,
6,TravisPerkins,Makita  230mm Angle Grinder With Diamond Blade 240V,GA9020KD,109.2,
6,TravisPerkins,Makita  Lxt Impact Wrench Body Only 18V,DTW190Z,84,
6,TravisPerkins,Makita  Lxt Angle Grinder Body Only 18V 115mm,DGA452Z,102,
6,TravisPerkins,Makita  Planer Thicknesser 240V,2012NB,474,
6,TravisPerkins,Makita  10in Slide Compound Mitre Saw with Laser Guide 110V 260mm,LS1018LN,360,
6,TravisPerkins,Makita 18V Li-ion 4.0AH LXT Battery ,BL1840,74.4,
6,TravisPerkins,Makita  Bandsaw 240V,LB1200F,528,
6,TravisPerkins,Makita  230mm and 115mm Angle Grinder Twin Pack 110V,DK0056Z1,116.35,
6,TravisPerkins,Makita  Lxt Pin Nailer Body Only 18V,DPT353Z,330,
6,TravisPerkins,Makita  Table Mitre Saw 240V,LH1201FL,408,
6,TravisPerkins,Makita  Wet Stone Polisher 110V,PW5000C,270,
6,TravisPerkins,Makita  Table Saw & Stand 240V,2704NX,786,
6,TravisPerkins,Makita 240V Corded 720W Orbital Jigsaw ,4350FCT,126,
6,TravisPerkins,Makita  Lxt Brushless Oil Pulse Driver Body Only 18V,DTS141ZJ,288,
6,TravisPerkins,Makita  Lxt Brushless Router Trimmer Body Only 18V,DRT50ZX4,168,
6,TravisPerkins,Makita 240V Corded 720 W Diamond Blade Slim Angle Grinder 115mm ,GA4530RKD,57.6,
6,TravisPerkins,Makita 240V Corded SDS-Plus 3 Mode Rotary Hammer Drill One Touch Chuck ,HR2630,114,
6,TravisPerkins,Makita LXT Cordless Hammer Drill and Impact Driver 18V  - 2 Pack,DLX2145TJ,300,
6,TravisPerkins,Makita  Palm Sander 240V,B04556,57.6,
6,TravisPerkins,Makita  230mm Angle Grinder With Diamond Blade 240V,GA9020KD,109.2,
6,TravisPerkins,Makita  Lxt Impact Wrench Body Only 18V,DTW190Z,84,
6,TravisPerkins,Makita  Lxt Angle Grinder Body Only 18V 115mm,DGA452Z,102,
6,TravisPerkins,Makita  Planer Thicknesser 240V,2012NB,474,
6,TravisPerkins,Makita  10in Slide Compound Mitre Saw with Laser Guide 110V 260mm,LS1018LN,360,
6,TravisPerkins,Makita 18V Li-ion 4.0AH LXT Battery ,BL1840,74.4,
6,TravisPerkins,Makita  Bandsaw 240V,LB1200F,528,
6,TravisPerkins,Makita  230mm and 115mm Angle Grinder Twin Pack 110V,DK0056Z1,116.35,
6,TravisPerkins,Makita  Lxt Pin Nailer Body Only 18V,DPT353Z,330,
6,TravisPerkins,Makita  Table Mitre Saw 240V,LH1201FL,408,
6,TravisPerkins,Makita  Wet Stone Polisher 110V,PW5000C,270,
6,TravisPerkins,Makita Table Saw & Stand 240V,2704NX,786,
6,TravisPerkins,Makita 240V Corded 720W Orbital Jigsaw ,4350FCT,126,
6,TravisPerkins,Makita  Lxt Brushless Oil Pulse Driver Body Only 18V,DTS141ZJ,288,
6,TravisPerkins,Makita  Lxt Brushless Router Trimmer Body Only 18V,DRT50ZX4,168,
6,TravisPerkins,Makita 240V Corded 720 W Diamond Blade Slim Angle Grinder 115mm ,GA4530RKD,57.6,
6,TravisPerkins,Makita 240V Corded SDS-Plus 3 Mode Rotary Hammer Drill One Touch Chuck, HR2630,114,
6,TravisPerkins,Makita LXT Cordless Hammer Drill and Impact Driver 18V  - 2 Pack,DLX2145TJ,300,
6,TravisPerkins,Makita  Palm Sander 240V,B04556,57.6,
6,TravisPerkins,Makita  230mm Angle Grinder With Diamond Blade 240V,GA9020KD,109.2,
6,TravisPerkins,Makita  Lxt Impact Wrench Body Only 18V,DTW190Z,84,
6,TravisPerkins,Makita  Lxt Angle Grinder Body Only 18V 115mm,DGA452Z,102,
6,TravisPerkins,Makita  Planer Thicknesser 240V,2012NB,474,
6,TravisPerkins,Makita  10in Slide Compound Mitre Saw with Laser Guide 110V 260mm,LS1018LN,360,
6,TravisPerkins,Makita 18V Li-ion 4.0AH LXT Battery ,BL1840,74.4,
6,TravisPerkins,Makita Bandsaw 240V, LB1200F,528,
6,TravisPerkins,Makita  230mm and 115mm Angle Grinder Twin Pack 110V,DK0056Z1,116.35,
6,TravisPerkins,Makita  Lxt Pin Nailer Body Only 18V,DPT353Z,330,
6,TravisPerkins,Makita  Table Mitre Saw 240V,LH1201FL,408,
6,TravisPerkins,Makita  Wet Stone Polisher 110V,PW5000C,270,
6,TravisPerkins,Makita  Table Saw & Stand 240V,2704NX,786,
6,TravisPerkins,Makita 240V Corded 720W Orbital Jigsaw ,4350FCT,126,
6,TravisPerkins,Makita  Lxt Brushless Oil Pulse Driver Body Only 18V,DTS141ZJ,288,
6,TravisPerkins,Makita  Lxt Brushless Router Trimmer Body Only 18V,DRT50ZX4,168,
6,TravisPerkins,Makita 240V Corded 720 W Diamond Blade Slim Angle Grinder 115mm ,GA4530RKD,57.6,
6,TravisPerkins,Makita 240V Corded SDS-Plus 3 Mode Rotary Hammer Drill One Touch Chuck ,HR2630,114,
6,TravisPerkins,Makita LXT Cordless Hammer Drill and Impact Driver 18V  - 2 Pack,DLX2145TJ,300,
6,TravisPerkins,Makita  Palm Sander 240V,B04556,57.6,
6,TravisPerkins,Makita  230mm Angle Grinder With Diamond Blade 240V,GA9020KD,109.2,
6,TravisPerkins,Makita  Lxt Impact Wrench Body Only 18V,DTW190Z,84,
6,TravisPerkins,Makita  Lxt Angle Grinder Body Only 18V 115mm,DGA452Z,102,
6,TravisPerkins,Makita Planer Thicknesser 240V,2012NB,474,
6,TravisPerkins,Makita 10in Slide Compound Mitre Saw with Laser Guide 110V 260mm, LS1018LN,360,
6,TravisPerkins,Makita 18V Li-ion 4.0AH LXT Battery ,BL1840,74.4,
6,TravisPerkins,Makita Bandsaw 240V,LB1200F,528,
6,TravisPerkins,Makita  230mm and 115mm Angle Grinder Twin Pack 110V,DK0056Z1,116.35,
6,TravisPerkins,Makita  Lxt Pin Nailer Body Only 18V,DPT353Z,330,
6,TravisPerkins,Makita  Table Mitre Saw 240V,LH1201FL,408,
6,TravisPerkins,Makita  Wet Stone Polisher 110V,PW5000C,270,
6,TravisPerkins,Makita  Table Saw & Stand 240V,2704NX,786,
6,TravisPerkins,Makita 240V Corded 720W Orbital Jigsaw ,4350FCT,126,
6,TravisPerkins,Makita  Lxt Brushless Oil Pulse Driver Body Only 18V,DTS141ZJ,288,
6,TravisPerkins,Makita  Lxt Brushless Router Trimmer Body Only 18V,DRT50ZX4,168,
6,TravisPerkins,Makita 240V Corded 720 W Diamond Blade Slim Angle Grinder 115mm ,GA4530RKD,57.6,
6,TravisPerkins,Makita 240V Corded SDS-Plus 3 Mode Rotary Hammer Drill One Touch Chuck ,HR2630,114,
6,TravisPerkins,Makita LXT Cordless Hammer Drill and Impact Driver 18V  - 2 Pack,DLX2145TJ,300,
6,TravisPerkins,Makita  Palm Sander 240V,B04556,57.6,
6,TravisPerkins,Makita  230mm Angle Grinder With Diamond Blade 240V,GA9020KD,109.2,
6,TravisPerkins,Makita  Lxt Impact Wrench Body Only 18V,DTW190Z,84,
6,TravisPerkins,Makita  Lxt Angle Grinder Body Only 18V 115mm,DGA452Z,102,
6,TravisPerkins,Makita  Planer Thicknesser 240V,2012NB,474,
6,TravisPerkins,Makita  10in Slide Compound Mitre Saw with Laser Guide 110V 260mm,LS1018LN,360,
6,TravisPerkins,Makita 18V Li-ion 4.0AH LXT Battery ,BL1840,74.4,
6,TravisPerkins,Makita  Bandsaw 240V,LB1200F,528,
6,TravisPerkins,Makita  230mm and 115mm Angle Grinder Twin Pack 110V,DK0056Z1,116.35,
6,TravisPerkins,Makita  Lxt Pin Nailer Body Only 18V,DPT353Z,330,
6,TravisPerkins,Makita  Table Mitre Saw 240V,LH1201FL,408,
6,TravisPerkins,Makita  Wet Stone Polisher 110V,PW5000C,270,
6,TravisPerkins,Makita  Table Saw & Stand 240V,2704NX,786,
6,TravisPerkins,Makita 240V Corded 720W Orbital Jigsaw ,4350FCT,126,
6,TravisPerkins,Makita  Lxt Brushless Oil Pulse Driver Body Only 18V,DTS141ZJ,288,
6,TravisPerkins,Makita  Lxt Brushless Router Trimmer Body Only 18V,DRT50ZX4,168,
6,TravisPerkins,Makita 240V Corded 720 W Diamond Blade Slim Angle Grinder 115mm ,GA4530RKD,57.6,
6,TravisPerkins,Makita 240V Corded SDS-Plus 3 Mode Rotary Hammer Drill One Touch Chuck, HR2630,114,
6,TravisPerkins,Makita LXT Cordless Hammer Drill and Impact Driver 18V  - 2 Pack,DLX2145TJ,300,
6,TravisPerkins,Makita  Palm Sander 240V,B04556,57.6,
6,TravisPerkins,Makita  230mm Angle Grinder With Diamond Blade 240V,GA9020KD,109.2,
6,TravisPerkins,Makita  Lxt Impact Wrench Body Only 18V,DTW190Z,84,
6,TravisPerkins,Makita  Lxt Angle Grinder Body Only 18V 115mm,DGA452Z,102,
6,TravisPerkins,Makita  Planer Thicknesser 240V,2012NB,474,
6,TravisPerkins,Makita  10in Slide Compound Mitre Saw with Laser Guide 110V 260mm,LS1018LN,360,
6,TravisPerkins,Makita 18V Li-ion 4.0AH LXT Battery ,BL1840,74.4,
6,TravisPerkins,Makita  Bandsaw 240V,LB1200F,528,
6,TravisPerkins,Makita  230mm and 115mm Angle Grinder Twin Pack 110V,DK0056Z1,116.35,
6,TravisPerkins,Makita  Lxt Pin Nailer Body Only 18V,DPT353Z,330,
6,TravisPerkins,Makita  Table Mitre Saw 240V,LH1201FL,408,
6,TravisPerkins,Makita  Wet Stone Polisher 110V,PW5000C,270,
6,TravisPerkins,Makita  Table Saw & Stand 240V,2704NX,786,
6,TravisPerkins,Makita 240V Corded 720W Orbital Jigsaw ,4350FCT,126,
6,TravisPerkins,Makita  Lxt Brushless Oil Pulse Driver Body Only 18V,DTS141ZJ,288,
6,TravisPerkins,Makita  Lxt Brushless Router Trimmer Body Only 18V,DRT50ZX4,168,
6,TravisPerkins,Makita 240V Corded 720 W Diamond Blade Slim Angle Grinder 115mm ,GA4530RKD,57.6,
6,TravisPerkins,Makita 240V Corded SDS-Plus 3 Mode Rotary Hammer Drill One Touch Chuck ,HR2630,114,
6,TravisPerkins,Makita LXT Cordless Hammer Drill and Impact Driver 18V  - 2 Pack,DLX2145TJ,300,
6,TravisPerkins,Makita  Palm Sander 240V,B04556,57.6,
6,TravisPerkins,Makita  230mm Angle Grinder With Diamond Blade 240V,GA9020KD,109.2,
6,TravisPerkins,Makita  Lxt Impact Wrench Body Only 18V,DTW190Z,84,
6,TravisPerkins,Makita  Lxt Angle Grinder Body Only 18V 115mm,DGA452Z,102,
6,TravisPerkins,Makita  Planer Thicknesser 240V,2012NB,474,
6,TravisPerkins,Makita  10in Slide Compound Mitre Saw with Laser Guide 110V 260mm,LS1018LN,360,
6,TravisPerkins,Makita 18V Li-ion 4.0AH LXT Battery ,BL1840,74.4,
6,TravisPerkins,Makita  Bandsaw 240V,LB1200F,528,
6,TravisPerkins,Makita  230mm and 115mm Angle Grinder Twin Pack 110V,DK0056Z1,116.35,
6,TravisPerkins,Makita  Lxt Pin Nailer Body Only 18V,DPT353Z,330,
6,TravisPerkins,Makita  Table Mitre Saw 240V,LH1201FL,408,
6,TravisPerkins,Makita Wet Stone Polisher 110V,PW5000C,270,
6,TravisPerkins,Makita Table Saw & Stand 240V, 2704NX,786,
6,TravisPerkins,Makita 240V Corded 720W Orbital Jigsaw ,4350FCT,126,
6,TravisPerkins,Makita  Lxt Brushless Oil Pulse Driver Body Only 18V,DTS141ZJ,288,
6,TravisPerkins,Makita  Lxt Brushless Router Trimmer Body Only 18V,DRT50ZX4,168,
6,TravisPerkins,Makita 240V Corded 720 W Diamond Blade Slim Angle Grinder 115mm ,GA4530RKD,57.6,
6,TravisPerkins,Makita 240V Corded SDS-Plus 3 Mode Rotary Hammer Drill One Touch Chuck ,HR2630,114,
6,TravisPerkins,Makita LXT Cordless Hammer Drill and Impact Driver 18V  - 2 Pack,DLX2145TJ,300,
6,TravisPerkins,Makita  Palm Sander 240V,B04556,57.6,
6,TravisPerkins,Makita  230mm Angle Grinder With Diamond Blade 240V,GA9020KD,109.2,
6,TravisPerkins,Makita  Lxt Impact Wrench Body Only 18V,DTW190Z,84,
6,TravisPerkins,Makita  Lxt Angle Grinder Body Only 18V 115mm,DGA452Z,102,
6,TravisPerkins,Makita  Planer Thicknesser 240V,2012NB,474,
6,TravisPerkins,Makita 10in Slide Compound Mitre Saw with Laser Guide 110V 260mm,LS1018LN,360,
6,TravisPerkins,Makita 18V Li-ion 4.0AH LXT Battery ,BL1840,74.4,
6,TravisPerkins,Makita  Bandsaw 240V,LB1200F,528,
6,TravisPerkins,Makita  230mm and 115mm Angle Grinder Twin Pack 110V,DK0056Z1,116.35,
6,TravisPerkins,Makita  Lxt Pin Nailer Body Only 18V,DPT353Z,330,
6,TravisPerkins,Makita  Table Mitre Saw 240V,LH1201FL,408,
6,TravisPerkins,Makita  Wet Stone Polisher 110V,PW5000C,270,
6,TravisPerkins,Makita  Table Saw & Stand 240V,2704NX,786,
6,TravisPerkins,Makita 240V Corded 720W Orbital Jigsaw ,4350FCT,126,
6,TravisPerkins,Makita  Lxt Brushless Oil Pulse Driver Body Only 18V,DTS141ZJ,288,
6,TravisPerkins,Makita  Lxt Brushless Router Trimmer Body Only 18V,DRT50ZX4,168,
6,TravisPerkins,Makita 240V Corded 720 W Diamond Blade Slim Angle Grinder 115mm ,GA4530RKD,57.6,
6,TravisPerkins,Makita 240V Corded SDS-Plus 3 Mode Rotary Hammer Drill One Touch Chuck ,HR2630,114,
6,TravisPerkins,Makita LXT Cordless Hammer Drill and Impact Driver 18V  - 2 Pack,DLX2145TJ,300,
6,TravisPerkins,Makita  Palm Sander 240V,B04556,57.6,
6,TravisPerkins,Makita  230mm Angle Grinder With Diamond Blade 240V,GA9020KD,109.2,
6,TravisPerkins,Makita  Lxt Impact Wrench Body Only 18V,DTW190Z,84,
6,TravisPerkins,Makita  Lxt Angle Grinder Body Only 18V 115mm,DGA452Z,102,
6,TravisPerkins,Makita  Planer Thicknesser 240V,2012NB,474,
6,TravisPerkins,Makita  10in Slide Compound Mitre Saw with Laser Guide 110V 260mm,LS1018LN,360,
6,TravisPerkins,Makita 18V Li-ion 4.0AH LXT Battery ,BL1840,74.4,
6,TravisPerkins,Makita  Bandsaw 240V,LB1200F,528,
6,TravisPerkins,Makita  230mm and 115mm Angle Grinder Twin Pack 110V,DK0056Z1,116.35,
6,TravisPerkins,Makita  Lxt Pin Nailer Body Only 18V,DPT353Z,330,
6,TravisPerkins,Makita  Table Mitre Saw 240V,LH1201FL,408,
6,TravisPerkins,Makita  Wet Stone Polisher 110V,PW5000C,270,
6,TravisPerkins,Makita  Table Saw & Stand 240V,2704NX,786,
6,TravisPerkins,Makita 240V Corded 720W Orbital Jigsaw ,4350FCT,126,
6,TravisPerkins,Makita  Lxt Brushless Oil Pulse Driver Body Only 18V,DTS141ZJ,288,
6,TravisPerkins,Makita  Lxt Brushless Router Trimmer Body Only 18V,DRT50ZX4,168,
6,TravisPerkins,Makita 240V Corded 720 W Diamond Blade Slim Angle Grinder 115mm ,GA4530RKD,57.6,
6,TravisPerkins,Makita 240V Corded SDS-Plus 3 Mode Rotary Hammer Drill One Touch Chuck ,HR2630,114,
6,TravisPerkins,Makita LXT Cordless Hammer Drill and Impact Driver 18V  - 2 Pack,DLX2145TJ,300,
6,TravisPerkins,Makita  Palm Sander 240V,B04556,57.6,
6,TravisPerkins,Makita  230mm Angle Grinder With Diamond Blade 240V,GA9020KD,109.2,
6,TravisPerkins,Makita  Lxt Impact Wrench Body Only 18V,DTW190Z,84,
6,TravisPerkins,Makita  Lxt Angle Grinder Body Only 18V 115mm,DGA452Z,102,
6,TravisPerkins,Makita  10in Slide Compound Mitre Saw with Laser Guide 110V 260mm,LS1018LN,360,
6,TravisPerkins,Makita 18V Li-ion 4.0AH LXT Battery ,BL1840,74.4,
6,TravisPerkins,Makita  Bandsaw 240V,LB1200F,528,
6,TravisPerkins,Makita  230mm and 115mm Angle Grinder Twin Pack 110V,DK0056Z1,116.35,
6,TravisPerkins,Makita  Lxt Pin Nailer Body Only 18V,DPT353Z,330,
6,TravisPerkins,Makita  Table Mitre Saw 240V,LH1201FL,408,
6,TravisPerkins,Makita  Wet Stone Polisher 110V,PW5000C,270,
6,TravisPerkins,Makita  Lxt Brushless Oil Pulse Driver Body Only 18V,DTS141ZJ,288,
6,TravisPerkins,Makita  Lxt Brushless Router Trimmer Body Only 18V,DRT50ZX4,168,
4,Homebase,Bosch  Electric 500W Compact Jigsaw,PST 700,55,
4,Homebase,Bosch  PEL Electric 530W Compact Jigsaw,PST 800,70,
4,Homebase,Ryobi ONE+ 18V Jigsaw  (Tool only),RJ18JS-0,70,
4,Homebase,Ryobi  AC 500W Action Jigsaw,RJS720-G,45,
4,Homebase,Ryobi  800W Percussion Drill,RPD800K,65,
4,Homebase,Ryobi  AC 1000W 2 Speed Drill,RPD1010-K,100,
4,Homebase,Stanley 115mm Metal Cutting Disc ,STA32025-QZ,2,
4,Homebase,Stanley 125mm Metal Cuting Disc ,STA32030-QZ,3,
4,Homebase,Stanley 115mm Metal Grinding Disc ,STA32050-QZ,2.5,
4,Homebase,Stanley 125mm Metal Grinding Disc ,STA32055-QZ,3,
4,Homebase,Stanley 230mm Metal Cutting Disc , STA32040-QZ,4,
4,Homebase,Stanley 125mm Metal Cutting Disc Pack , STA32033-QZ,10,
4,Homebase,Stanley 115mm Metal Cutting Disc Pack , STA32800-QZ,9,
4,Homebase,Stanley 230mm Metal Cutting Disk Pack , STA32805-QZ,15,
4,Homebase,Stanley 115mm Stone Cutting Disc , STA32075-QZ,2.2,
2,Screfix,Makita  3.3kg Electric  SDS Plus Drill 240V,HR2470WX,139.99,
2,Screfix,Makita  2.9kg 18V Li-Ion LXT  Cordless SDS Rotary Hammer Drill - Bare,DHR202Z,129.99,
2,Screfix,Makita  3.5kg 18V 4.0Ah Li-Ion LXT  Cordless SDS Plus Drill,DHR202SMW,199.99,
2,Screfix,Makita 1 3.3kg Electric  SDS Plus Drill 110V,HR2470WX,139.99,
2,Screfix,Makita  2.7kg 18V Li-Ion LXT Brushless Cordless SDS Plus Drill - Bare,DHR242Z,199.99,
2,Screfix,Makita  4.14kg 18V 4.0Ah Li-Ion LXT  Cordless SDS Rotary Hammer Drill,DHR202RM1J,229.99,
2,Screfix,Makita  3.3kg Electric  SDS Plus Drill 240V,HR2630,179.99,
2,Screfix,Makita  2.7kg 18V 4.0Ah Li-Ion LXT Brushless Cordless SDS Plus Drill,DHR242RMJ,399.99,
2,Screfix,Makita  5.2kg Electric  SDS Plus Drill 110V,HR3210C,399.99,
2,Screfix,Makita  2.8kg Electric  SDS Plus Drill 110V,HR2630,179.99,
2,Screfix,Makita  4kg 18V 4.0Ah Li-Ion   Cordless SDS Plus Drill,DHR202RMJ,299.99,
2,Screfix,Makita  3.3kg 18V Li-Ion   Cordless SDS Plus Drill - Bare,DHR241Z,159.99,
2,Screfix,Makita  11.9kg Electric  SDS Max Drill 240V,HR5212C,809.99,
2,Screfix,Makita  5.6kg Electric  SDS Plus Drill 240V,HR3210C,399.99,
2,Screfix,Makita  2.3kg 18V Li-Ion LXT  Cordless Compact SDS Plus Drill - Bare,DHR165ZJ,149.99,
2,Screfix,Makita  2kg 10.8 / 12V Li-Ion CXT Brushless Cordless SDS Hammer Drill - Bare,HR166DZ,129.99,
2,Screfix,Makita  1.6kg 10.8V Li-Ion CXT  Cordless SDS Plus Drill - Bare,HR140DZ,94.99,
2,Screfix,Makita  2.4kg 10.8-12V 4.0Ah Li-Ion CXT Brushless Cordless SDS Plus Drill,HR166DSMJ,229.99,
2,Screfix,Makita  18V 4.0Ah Li-Ion LXT  Cordless Combi Drill & 101 Accessories,DHP453SMWX,149.99,
2,Screfix,Makita  18V Li-Ion LXT Brushless Cordless Combi Drill - Bare,DHP481Z,169.99,
2,Screfix,Makita  18V 3.0Ah Li-Ion LXT  Cordless Combi Drill,DHP453SFE,169.99,
2,Screfix,Makita  18V 3.0Ah Li-Ion LXT Brushless Cordless Combi Drill,DHP485SFE,199.99,
2,Screfix,Makita  18V 5.0Ah Li-Ion  Brushless Cordless Combi Drill,DHP481RTJ,319.99,
2,Screfix,Makita  18V 4.0Ah Li-Ion LXT Brushless Cordless Combi Drill,DHP485SME,249.99,
2,Screfix,Makita  18V 3.0Ah Li-Ion LXT  Cordless Combi Drill,DHP453SFEW,159.99,
2,Screfix,Makita  18V Li-Ion LXT  Cordless Combi Drill - Bare,DHP482Z,94.99,
2,Screfix,Makita  18V Li-Ion LXT Brushless Cordless Combi Drill - Bare,DHP485Z,139.99,
2,Screfix,Makita  18V Li-Ion LXT  Cordless Combi Drill - Bare,DHP453Z,79.99,
2,Screfix,Makita  18V 3.0Ah Li-Ion LXT  Cordless Combi Drill,DHP453RFW,139.99,
2,Screfix,Makita  18V 4.0Ah Li-Ion LXT  Cordless Combi Drill,DHP453SME,199.99,
2,Screfix,Makita  12V 2.0Ah Li-Ion CXT  Cordless Combi Drill,HP333DWAE,129.99,
2,Screfix,Makita  12V Li-Ion CXT  Cordless Combi Drill - Bare,HP333DZ,39.99,
2,Screfix,Makita  10.8V Li-Ion CXT Brushless Cordless Combi Drill - Bare,HP332DZ,99.99,
2,Screfix,Makita  10.8V 2.0Ah Li-Ion CXT Brushless Cordless Combi Drill,HP332DSAJ,199.99,
2,Screfix,Makita  18V Li-Ion LXT Brushless Cordless Drill Driver - Bare,DDF485Z,99.99,
2,Screfix,Makita  18V Li-Ion LXT  Cordless Drill Driver - Bare,DDF482Z,89.99,
2,Screfix,Makita  12V 2.0Ah Li-Ion CXT  Cordless Drill Driver,DF333DWAE,119.99,
2,Screfix,Makita  12V Li-Ion CXT  Cordless Drill Driver - Bare,DF333DZ,34.99,
2,Screfix,Makita  10.8V Li-Ion CXT Brushless Cordless Â¼'' Hex Chuck Drill Driver - Bare,DF032DZ,89.99,
2,Screfix,Makita  10.8V Li-Ion CXT Brushless Cordless Drill Driver - Bare,DF332DZ,89.99,
2,Screfix,DeWalt  1300W  Electric Silver Bullet Diamond Core Drill 230V,D21570K-GB,229.99,
2,Screfix,DeWalt 1300W  Electric Silver Bullet Diamond Core Drill 110V, D21570K-LX,229.99,
2,Screfix,Marcrist 110V UK 1900W  Electric Diamond Core Drill 110V,DDM150-1S,299.99,
2,Screfix,Marcrist 230V UK 1900W  Electric Diamond Core Drill 230V,DDM150-1S,299.99,
2,Screfix,Makita  165mm 18V Li-Ion LXT Brushless Cordless Circular Saw - Bare,DHS680Z,159.99,
2,Screfix,Makita  165mm 18V Li-Ion LXT  Cordless Circular Saw - Bare,DSS611Z,99.99,
2,Screfix,Makita  1050W 165mm  Electric Circular Saw 240V,HS6601,79.99,
2,Screfix,Makita  136mm 18V Li-Ion   Cordless Compact Circular Saw - Bare,DSS501Z,119.99,
2,Screfix,Makita  136mm 18V Li-Ion LXT  Cordless Circular Saw - Bare,DCS552Z,119.99,
2,Screfix,Makita  165mm 18V Li-Ion   Cordless Circular Saw - Bare,DSS610Z,139.99,
2,Screfix,Makita  85mm 12V 2.0Ah Li-Ion CXT  Cordless Circular Saw,HS301DWAE,169.99,
2,Screfix,Makita  85mm 12V Li-Ion CXT  Cordless Circular Saw - Bare,HS301DZ,84.99,
2,Screfix,Makita  150mm 18V Li-Ion LXT Brushless Cordless Circular Saw - Bare,DCS553ZJ,229.99,
2,Screfix,Makita  1050W 190mm  Electric Circular Saw 240V,M5802,89.99,
2,Screfix,Makita  165mm 18V 4.0Ah Li-Ion LXT  Cordless Circular Saw,DSS610RMJ,349.99,
2,Screfix,DeWalt  18V Li-Ion XR  Cordless Jigsaw - Bare,DCS331N,109.99,
2,Screfix,Erbauer  750W  Electric Jigsaw 220-240V,EJS750,49.99,
2,Screfix,Makita  18V Li-Ion LXT  Cordless Jigsaw - Bare,DJV180Z,139.99,
2,Screfix,DeWalt  701W  Electric Jigsaw 240V,DW331K-GB,149.99,
2,Screfix,DeWalt  18V Li-Ion XR Brushless Cordless Jigsaw - Bare,DCS334N-XJ,169.99,
2,Screfix,Mac Allister  600W  Electric Jigsaw 220-240V,MSJS600,24.99,
2,Screfix,Makita  18V Li-Ion LXT Brushless Cordless Jigsaw - Bare,DJV182Z,179.99,
2,Screfix,Makita  18V Li-Ion LXT Brushless Cordless Jigsaw - Bare,DJV181Z,199.99,
2,Screfix,Makita  10.8V 2.0Ah Li-Ion CXT  Cordless Jigsaw,JV101DWAE,149.99,
2,Screfix,Makita  10.8V Li-Ion CXT  Cordless Jigsaw - Bare,JV101DZ,64.99,
2,Screfix,Hitachi  18V Li-Ion   Cordless Jigsaw - Bare,CJ18DGL,89.99,
2,Screfix,Bosch  12V Li-Ion   Cordless Jigsaw - Bare,GST12VLIN,74.49,
2,Screfix,DeWalt  701W  Electric Jigsaw 110V,DW331K-LX,149.99,
2,Screfix,Makita  190mm Twin 18V Li-Ion LXT Brushless Cordless Single-Bevel Sliding Compound Mitre Saw - Bare,DLS714NZ,499.99,
2,Screfix,Makita  260mm  Electric Single-Bevel  Compound Mitre Saw 240V,LS1040N,199.99,
2,Screfix,Makita 190mm  Electric Double-Bevel Sliding Compound Mitre Saw 110V,LS0714N,299.99,
2,Screfix,Makita  165mm 18V Li-Ion LXT Brushless Cordless Double-Bevel  Compound Mitre Saw - Bare,DLS600Z,599.99,
2,Screfix,Makita  260mm  Electric Double-Bevel Sliding Compound Mitre Saw 240V,LS1019L,549.99,
2,Screfix,Makita 260mm  Electric Single-Bevel  Compound Mitre Saw 110V, LS1040N,199.99,
2,Screfix,Makita  216mm  Electric Single-Bevel Sliding Mitre Saw 240V,LS0815FLN,299.99,
2,Screfix,Makita 190mm  Electric Double-Bevel Sliding Compound Mitre Saw 240V, LS0714N,299.99,
2,Screfix,Makita  216mm  Electric Single-Bevel Sliding Mitre Saw 110V,LS0815FLN,299.99,
2,Screfix,Makita  260mm Twin 18V Li-Ion LXT Brushless Cordless Single-Bevel Sliding Compound Mitre Saw  - Bare,DLS110Z,699.99,
2,Screfix,Makita  18V Li-Ion LXT  Cordless Reciprocating Saw - Bare,DJR186Z,99.99,
2,Screfix,Makita  1010W  Electric Reciprocating Saw 240V,JR3050T,119.99,
2,Screfix,Makita  1010W  Electric Reciprocating Saw 240V,M4501,89.99,
2,Screfix,Makita  18V Li-Ion LXT Brushless Cordless Reciprocating Saw - Bare,DJR360ZK,189.99,
2,Screfix,Makita  18V Li-Ion LXT Brushless Cordless Reciprocating Saw - Bare,DJR188Z,159.99,
2,Screfix,Makita  940W  Electric All-Purpose Reciprocating Saw 110V,JR3050\T,119.99,
2,Screfix,Makita  12V Li-Ion CXT  Cordless Reciprocating Saw - Bare,JR103DZ,59.99,
2,Screfix,Makita  10.8V 2.0Ah Li-Ion CXT  Cordless Reciprocating Saw,JR105DWAE,159.99,
2,Screfix,Makita  12V 2.0Ah Li-Ion CXT  Cordless Reciprocating Saw,JR103DWAE,149.99,
2,Screfix,Makita  10.8V Li-Ion CXT  Cordless Reciprocating Saw - Bare,JR105DZ,64.99,
2,Screfix,Makita  125mm 18V Li-Ion LXT  Cordless Random Orbital Sander - Bare,DBO180Z,89.99,
2,Screfix,Makita  125mm  Electric Random Orbit Sander 240V,M9204,44.99,
2,Screfix,Makita  125mm  Electric Random Orbit Sander 110V,BO5041,99.99,
2,Screfix,Makita 125mm  Electric Random Orbit Sander 240V, BO5041,99.99,
2,Screfix,Makita  150mm  Electric Random Orbit Sander 110V,BO6050J,279.99,
2,Screfix,Makita  150mm  Electric Random Orbit Sander 240V,BO6050J,259.99,
2,Screfix,"Makita  18V Li-Ion LXT 4Â½"" Brushless Cordless Angle Grinder - Bare",DGA463,149.99,
2,Screfix,"Makita  18V Li-Ion LXT 4Â½""  Cordless Angle Grinder - Bare",DGA452Z,99.99,
2,Screfix,"Makita  2000W 9""  Electric Angle Grinder 240V",GA9050,99.99,
2,Screfix,"Makita  720W 4Â½""  Electric Angle Grinder 240V",GA4530R,49.99,
2,Screfix,"Makita  2000W 9""  Electric Angle Grinder 110V",GA9050,99.99,
2,Screfix,"Makita  720W 4Â½""  Electric Angle Grinder 110V",GA4530R,59.99,
2,Screfix,"Makita  720W 5""  Electric Angle Grinder 240V",GA5030R,54.99,
2,Screfix,"Makita  2000W 9""  Electric Angle Grinder 240V",M9001,79.99,
2,Screfix,"Makita  570W 4Â½""  Electric Angle Grinder 240V",M9502,39.99,
2,Screfix,"Makita  36V 5.0Ah Li-Ion LXT 9"" Brushless Cordless Angle Grinder",DGA900PT2,399.99,
2,Screfix,"Makita  720W 5""  Electric Angle Grinder 110V",GA5030R,54.99,
2,Screfix,"Makita  36V Li-Ion LXT 9"" Brushless Cordless Angle Grinder - Bare",DGA900Z,299.99,
2,Screfix,Makita  18V Li-Ion LXT  Cordless Multi-Tool - Bare,DTM50Z,89.99,
2,Screfix,Makita  18V Li-Ion   Cordless Multi-Tool - Bare,DTM51Z,119.99,
2,Screfix,Makita  320W  Electric Multi-Cutter 240V,TM3000CX14,99.99,
2,Screfix,Makita  18V 4.0Ah Li-Ion LXT  Cordless Multi-Tool,DTM50RM1J1,229.99,
2,Screfix,Makita  320W  Electric Multi-Tool 240V,TM3010CK,99.99,
2,Screfix,Makita  18V Li-Ion LXT  Cordless Drywall Cutter - Bare,DCO180Z,104.99,
2,Screfix,Makita  10.8V Li-Ion CXT  Cordless Multi Tool - Bare,TM3000C,64.99,
2,Screfix,Makita  10.8V Li-Ion CXT  Cordless Multi-Cutter - Bare,CP100DZ,54.99,
2,Screfix,Makita  320W  Electric Multi-Tool 240V,TM3000C,99.99,
2,Screfix,Makita  18V Li-Ion LXT Brushless Cordless Impact Driver - Bare,DTD153Z,119.99,
2,Screfix,Makita  18V Li-Ion LXT Brushless Cordless Impact Wrench - Bare,DTW285Z,149.99,
2,Screfix,Makita  12V 2.0Ah Li-Ion CXT  Cordless Impact Driver,TD110DWAE,114.99,
2,Screfix,Makita  18V Li-Ion LXT  Cordless Impact Wrench - Bare,DTW450Z,189.99,
2,Screfix,Makita  18V Li-Ion   Cordless Impact Driver - Bare,DTD152Z,99.99,
2,Screfix,Makita  18V Li-Ion LXT Brushless Cordless Impact Wrench - Bare,DTW1001Z,259.99,
2,Screfix,Makita  18V 4.0Ah Li-Ion LXT Brushless Cordless Impact Wrench,DTW285RMJ,339.99,
2,Screfix,Makita  12V Li-Ion CXT  Cordless Impact Driver - Bare,TD110DZ,44.99,
2,Screfix,Makita  12V Li-Ion CXT  Cordless Impact Wrench - Bare,TW140DZ,49.99,
2,Screfix,Makita  10.8V Li-Ion CXT Brushless Cordless Impact Driver - Bare,TD111DZ,89.99,
2,Screfix,Makita  18V Li-Ion  Brushless Cordless Impact Driver - Bare,DTS141ZJ,299.99,
2,Screfix,Makita  10.8V 2.0Ah Li-Ion CXT Brushless Cordless Impact Driver,TD111DSAJ,169.99,price_diff
2,Screfix,Makita  B53 Laminate Jigsaw Blades 5 Pack,B-10970,9.99,10
2,Screfix,Makita  B23 Jigsaw Blades 50mm 5 Pack,A-85743,4.99,7
2,Screfix,Makita  B11 Jigsaw Blades 75mm 5 Pack,A-85634,4.99,3
2,Screfix,Makita  B22 Jigsaw Blades 50mm 5 Pack,A-85737,4.99,
2,Screfix,Makita  B12 Jigsaw Blades 75mm 5 Pack,A-85640,4.99,
2,Screfix,Makita  B19 Jigsaw Blades 65mm 5 Pack,A-85715,5.99,
2,Screfix,Makita  Reciprocating Saw Blades 200mm 5 Pack,P-40927,12.99,
2,Screfix,Makita  Reciprocating Saw Blades 100mm 5 Pack,B-20426,10.99,
2,Screfix,Makita  Reciprocating Saw Blades 150mm 5 Pack,P-04911,10.99,
2,Screfix,Makita  Reciprocating Saw Blades 100mm 5 Pack,B-20432,12.99,
2,Screfix,Makita  Reciprocating Saw Blade Set 152-225mm 6 Pieces,B-44448,19.99,
2,Screfix,Makita  Reciprocating Saw Blades 150mm 5 Pack,P-04880,10.99,
2,Screfix,Makita  Reciprocating Saw Blade Set 152-203mm 6 Pieces,B-44432,16.99,
2,Screfix,Makita  Reciprocating Saw Blades 100mm 5 Pack,B-20404,11.99,
2,Screfix,Makita  Reciprocating Saw Blade Set 150mm 6 Pieces,D-53051,19.99,
2,Screfix,Kunys  Loop Hammer Holder,HM-213,5.99,
2,Screfix,Toughbuilt  Hammer Loop,TB-52,8.49,
2,Screfix,Kunys  Impact Driver Holster,SG-5021,13.99,
2,Screfix,Kunys  Multi-Pocket Tool Holder,PL-99,17.99,
2,Screfix,Kunys  Half Apron,AP-719,19.99,
2,Screfix,"Toughbuilt  Contractor Pouch  48""",TB-CT-01,29.99,
2,Screfix,Toughbuilt  Electricians Pouch & Shoulder Strap,TB-CT-104,39.99,
2,Screfix,"Toughbuilt  Tool Belt 48""",TB-CT-101-4,79.99,
2,Screfix,Kunys  Carpenters Nail & Tool Belt,API-933,39.99,
2,Screfix,"Toughbuilt  Pro Framer Compact Drill Belt  48""",TB-CT-102-3,59.99,
2,Screfix,Toughbuilt  ClipTech Wall Organiser 600mm,TB-53,8.49,
2,Screfix,Kunys  Snap-In Hammer Loop,HM-220,9.49,
2,Screfix,Kunys  Combi Drill Holster,SG-5023,15.99,
2,Screfix,"Toughbuilt  Supply Pouch 48""",TB-CT-05,17.99,
2,Screfix,Toughbuilt  Compact Drill Holster,TB-CT-20-S,18.99,
2,Screfix,Toughbuilt  Electricians Pouch & Shoulder Strap,TB-CT-104,39.99,
2,Screfix,"Toughbuilt Tool Belt 48""", TB-CT-101-4,79.99,
2,Screfix,Kunys  Carpenters Nail & Tool Belt,API-933,39.99,
2,Screfix,"Toughbuilt  Pro Framer Compact Drill Belt  48""",TB-CT-102-3,59.99,
2,Screfix,Toughbuilt  ClipTech Wall Organiser 600mm,TB-53,8.49,
2,Screfix,Kunys  Snap-In Hammer Loop,HM-220,9.49,
2,Screfix,Kunys  Combi Drill Holster,SG-5023,15.99,
2,Screfix,"Toughbuilt  Supply Pouch 48""",TB-CT-05,17.99,
2,Screfix,Toughbuilt  Compact Drill Holster,TB-CT-20-S,18.99,
1,GPH Builders Merchant,MAKITA 2 STROKE OIL - 1 LITRE,P-21141,8.4,
1,GPH Builders Merchant,PTC20 - MAKITA  CIRCULAR SAW CORDLESS 136MM 18V LI-ION - BODY ONLY,BSS501Z,83.33,
1,GPH Builders Merchant,PTC20 - MAKITA AUTO FEED SCREWDRIVER 25-55mm  BODY ONLY,BFR550Z,150,
1,GPH Builders Merchant,MAKITA JIGSAW BLADE B13 BASIC CUT WOOD 80MM 5PC,A-85656,2.9,
1,GPH Builders Merchant,MAKITA JIGSAW BLADE B17 CLEAN CUT WOOD 70MM 5PC,A-85690,4.8,
1,GPH Builders Merchant,MAKITA JIGSAW BLADE B19 CLEAN CUT WOOD 65MM 5PC,A-85715,7.4,
1,GPH Builders Merchant,MAKITA JIGSAW BLADE B16 SPEED CUT WOOD 75MM 5PC,A-85684,4,
1,GPH Builders Merchant,MAKITA JIGSAW BLADE B26 BASIC CUT METAL 70MM 5PC,A-85771,6.6,
1,GPH Builders Merchant,MAKITA JIGSAW BLADE B21 BASIC CUT METAL 75MM 5PC,A-85721,9,
1,GPH Builders Merchant,MAKITA JIGSAW BLADE BR13 SPECIALIZED 64MM 5PC,A-85793,3.4,
1,GPH Builders Merchant,MAKITA JIGSAW BLADE B52 SUPER EXPRESS 75MM 5PC,B-06482,6.7,
1,GPH Builders Merchant,MAKITA RECIPROCATING BLADES 150MM 5PC,P-04999,6.6,
1,GPH Builders Merchant,MAKITA HSS METAL DRILL BIT 11MM - EACH,P-19613,4.6,
1,GPH Builders Merchant,MAKITA HSS METAL DRILL BIT 10MM - EACH,P-19598,3.4,
1,GPH Builders Merchant,** MAKITA COMBI AUGER BIT 20 X 235MM - EACH,P-38495,14.5,
1,GPH Builders Merchant,MAKITA SDS MASONARY BIT  6mm - EACH,D-00072,2.5,
1,GPH Builders Merchant,PTC20 - MAKITA RECIPROCATING SAW 110V,JR3060T/1,129.99,
1,GPH Builders Merchant,PTC20 - MAKITA RECIPROCATING SAW 240V,JR3060T/2,129.99,
1,GPH Builders Merchant,MAKITA RECIPROCATING SAW BLADE 305MM 3PC,B-10637,14.5,
1,GPH Builders Merchant,MAKITA SDS MASONARY BIT  5mm - EACH,D-00038,1.2,
1,GPH Builders Merchant,MAKITA SDS MASONARY BIT  5.5mm - EACH,D-16106,1.9,
1,GPH Builders Merchant,MAKITA SDS MASONARY BIT  7mm - EACH,D-00119,2.3,
1,GPH Builders Merchant,MAKITA SDS MASONARY BIT  9mm - EACH,D-08056,2.1,
1,GPH Builders Merchant,MAKITA SDS MASONARY BIT  10mm - EACH,D-00181,3,
1,GPH Builders Merchant,MAKITA SDS MASONARY BIT  11mm - EACH,D-00212,2.9,
1,GPH Builders Merchant,MAKITA SDS MASONARY BIT  12mm - EACH,D-00240,3.9,
1,GPH Builders Merchant,MAKITA SDS MASONARY BIT  13mm - EACH,D-00256,3.7,
1,GPH Builders Merchant,MAKITA SDS MASONARY BIT  14mm - EACH,D-00278,4.6,
1,GPH Builders Merchant,MAKITA SDS MASONARY BIT  15mm - EACH,D-00284,3.9,
1,GPH Builders Merchant,MAKITA SDS MASONARY BIT  16mm - EACH,D-00290,7,
1,GPH Builders Merchant,MAKITA SDS MASONARY BIT  18mm - EACH,D-00337,9.6,
1,GPH Builders Merchant,MAKITA SDS MASONARY BIT  20mm - EACH,D-00365,13,
1,GPH Builders Merchant,MAKITA SDS MASONARY BIT  24mm - EACH,D-16302,19,
1,GPH Builders Merchant,MAKITA SDS MASONARY BIT  26mm - EACH,D-15263,23.5,
1,GPH Builders Merchant,MAKITA SDS MASONARY BIT  30mm - EACH,D-17572,38.5,
1,GPH Builders Merchant,MAKITA SAW BLADE 165MM X 20MM - 16 TEETH,B-07901,15.5,
1,GPH Builders Merchant,MAKITA SAW BLADE 165MM X 20MM - 24 TEETH MFORCE,B-08006,17,
1,GPH Builders Merchant,MAKITA SAW BLADE 165MM X 20MM - 24 TEETH SPECIALIZED,B-09167,19.5,
1,GPH Builders Merchant,MAKITA SAW BLADE 165MM X 20MM - 40 TEETH,B-09232,21.5,
1,GPH Builders Merchant,MAKITA SAW BLADE 190MM X 30MM - 12 TEETH,B-07967,18,
1,GPH Builders Merchant,MAKITA SAW BLADE 190MM X 30MM - 16 TEETH,B-09357,22,
1,GPH Builders Merchant,MAKITA SAW BLADE 190MM X 30MM - 24 TEETH,B-08056,19.5,
1,GPH Builders Merchant,MAKITA SAW BLADE 216MM X 30MM - 100 TEETH,B-09092,41,
1,GPH Builders Merchant,MAKITA SAW BLADE 235MM X 30MM - 20 TEETH,B-07995,28,
1,GPH Builders Merchant,MAKITA SAW BLADE 235MM X 30MM - 40 TEETH,B-08121,34.5,
1,GPH Builders Merchant,MAKITA SAW BLADE 260MM X 30MM - 60 TEETH,B-09020,39,
1,GPH Builders Merchant,MAKITA SAW BLADE 260MM X 30MM - 80 TEETH,B-09070,44.5,
1,GPH Builders Merchant,MAKITA SAW BLADE 260MM X 30MM - 80 TEETH,B-08779,84,
1,GPH Builders Merchant,MAKITA SAW BLADE 260MM X 30MM - 100 TEETH,B-08800,87,
1,GPH Builders Merchant,MAKITA SAW BLADE 260MM X 30MM - 80 TEETH,B-08844,105,
1,GPH Builders Merchant,MAKITA SAW BLADE 305MM X 30MM - 60 TEETH,B-09036,53,
1,GPH Builders Merchant,MAKITA SAW BLADE 305MM X 30MM - 80 TEETH,B-09086,61,
1,GPH Builders Merchant,MAKITA FLAT BIT   8mm - EACH,D-07680,0.9,
1,GPH Builders Merchant,MAKITA FLAT BIT  10mm - EACH,D-07696,0.9,
1,GPH Builders Merchant,MAKITA FLAT BIT  12mm - EACH,D-07705,0.9,
1,GPH Builders Merchant,MAKITA FLAT BIT  16mm - EACH,D-07733,1.5,
1,GPH Builders Merchant,MAKITA FLAT BIT  18mm - EACH,D-07749,1.6,
1,GPH Builders Merchant,MAKITA FLAT BIT  20mm - EACH,D-07755,1.7,
1,GPH Builders Merchant,MAKITA FLAT BIT  22mm - EACH,D-07761,1.9,
1,GPH Builders Merchant,MAKITA FLAT BIT  24mm - EACH,D-07777,1.7,
1,GPH Builders Merchant,MAKITA FLAT BIT  25mm - EACH,D-07783,2.1,
1,GPH Builders Merchant,MAKITA FLAT BIT  26mm - EACH,D-07799,2.4,
1,GPH Builders Merchant,MAKITA FLAT BIT  28mm - EACH,D-07808,2.6,
1,GPH Builders Merchant,MAKITA FLAT BIT  30mm - EACH,D-07814,2.7,
1,GPH Builders Merchant,MAKITA FLAT BIT  32mm - EACH,D-07820,3.3,
1,GPH Builders Merchant,** MAKITA COMBI AUGER BIT 6 X 235MM - EACH,P-38423,6.5,
1,GPH Builders Merchant,** MAKITA COMBI AUGER BIT 16 X 235MM - EACH,P-38473,11,
1,GPH Builders Merchant,** MAKITA COMBI AUGER BIT 22 X 235MM - EACH,P-38504,16.5,
1,GPH Builders Merchant,MAKITA HSS METAL DRILL BIT 2.0MM - EACH,P-19314,1.1,
1,GPH Builders Merchant,MAKITA HSS METAL DRILL BIT 3.0MM - EACH,P-19342,1.3,
1,GPH Builders Merchant,MAKITA HSS METAL DRILL BIT 4.0MM - EACH,P-19392,1.6,
1,GPH Builders Merchant,MAKITA HSS METAL DRILL BIT 5.0MM - EACH,P-19451,2,
1,GPH Builders Merchant,MAKITA HSS METAL DRILL BIT 6.0MM - EACH,P-19495,2,
1,GPH Builders Merchant,MAKITA HSS METAL DRILL BIT 7.0MM - EACH,P-19526,2,
1,GPH Builders Merchant,MAKITA HSS METAL DRILL BIT 8.0MM - EACH,P-19554,2.5,
1,GPH Builders Merchant,MAKITA HSS METAL DRILL BIT 9.0MM - EACH,P-19576,3,
1,GPH Builders Merchant,MAKITA HSS METAL DRILL BIT 12MM - EACH,P-19635,5.6,
1,GPH Builders Merchant,MAKITA HSS METAL DRILL BIT 13MM - EACH,P-19657,6.3,
1,GPH Builders Merchant,MAKITA BULL POINT SDS PLUS - EACH,D-08713,3.3,
1,GPH Builders Merchant,MAKITA COLD CHISEL SDS PLUS - EACH,D-08729,3.3,
1,GPH Builders Merchant,MAKITA SCALING CHISEL SDS PLUS - EACH,D-08735,4,
1,GPH Builders Merchant,MAKITA BULL POINT SDS MAX - EACH,B-13839,14.5,
1,GPH Builders Merchant,MAKITA COLD CHISEL SDS MAX - EACH,B-13867,14.5,
1,GPH Builders Merchant,MAKITA SCALING CHISEL SDS MAX - EACH,B-13889,18,
1,GPH Builders Merchant,MAKITA CURVED WIDE CHISEL - EACH,B-13904,41.5,
1,GPH Builders Merchant,MAKITA SCALING CHISEL SDS MAX - EACH,B-13895,26,
1,GPH Builders Merchant,MAKITA TORSION BIT PH2 X 85MM 3PC,B-12326,18,
1,GPH Builders Merchant,MAKITA TORSION BIT PZ2 X 85MM 3PC,B-12790,18,
1,GPH Builders Merchant,MAKITA AUTOFEED SCREWDRIVER BIT PH2 X 157 3PC,P-67795,16,
1,GPH Builders Merchant,MAKITA CHAINSAW OIL  NON-BIO 5L,P-21179,19.7,
1,GPH Builders Merchant,MAKITA CHAINSAW OIL  NON-BIO 1L,P-21163,5.3,
1,GPH Builders Merchant,MAKITA 2 STROKE OIL - 100ml,P-21135,2.33,
1,GPH Builders Merchant,PTC20 - MAKITA AUTOFEED SCREWDRIVER (25mm - 55mm) 240V,MAK6843/2,190,
1,GPH Builders Merchant,PTC20 - ORBITAL JIGSAW VARIABLE SPEED 110V MAKITA,4350FCT/1,99.99,
1,GPH Builders Merchant,PTC20 - ORBITAL JIGSAW VARIABLE SPEED 240V MAKITA,4350FCT/2,99.99,
1,GPH Builders Merchant,MAKITA ZENTRO MAX DRILL BIT 24 X 520,P-77908,51,
1,GPH Builders Merchant,MAKITA ZENTRO MAX DRILL BIT 22 X 920,P-77877,74,
1,GPH Builders Merchant,MAKITA ZENTRO MAX DRILL BIT 28 X 570,P-77970,62,
1,GPH Builders Merchant,MAKITA ZENTRO MAX DRILL BIT 22 X 520,P-77861,48,
1,GPH Builders Merchant,MAKITA ZENTRO MAX DRILL BIT 20 X 520,P-77827,43,
1,GPH Builders Merchant,MAKITA ZENTRO MAX DRILL BIT 18 X 540,P-77780,44.5,
1,GPH Builders Merchant,MAKITA ZENTRO MAX DRILL BIT 16 X 540,P-77746,38.5,
1,GPH Builders Merchant,MAKITA RECIPROCATING SAW BLADE - METAL,P-04905,9.8,
1,GPH Builders Merchant,MAKITA 2 STROKE OIL - 5 LITRE,P-21157,21.41,
1,GPH Builders Merchant,MAKITA SDS PLUS 14mm X 600mm DRILL BIT,B-47846,16.5,
1,GPH Builders Merchant,PTC20 - MAKITA ROTARY DEMOLITION HAMMER SDS MAX 45MM 110V,HR4511C/1,499,
1,GPH Builders Merchant,MAKITA WATER BOTTLES 15L,P-54047,59,
1,GPH Builders Merchant,MAKITA ZENTRO MAX DRILL BIT 25 X 920,P-77936,84,
1,GPH Builders Merchant,MAKITA SDS MASONARY BIT  6mm - EACH,D-00066,2.1,
1,GPH Builders Merchant,MAKITA SDS MASONARY BIT  8mm - EACH,D-00131,2.3,
1,GPH Builders Merchant,MAKITA RECIPROCATING SAW BLADE - WOOD,P-05072,15.5,
1,GPH Builders Merchant,MAKITA TCT PLANER BLADES 2PC,D-07945,16,
1,GPH Builders Merchant,"MAKITA ABRASIVE DISC 5"" 60 GRIT 10PC",P-43549,5.5,
1,GPH Builders Merchant,"MAKITA ABRASIVE DISC 5"" 80 GRIT 10PC",P-43555,5.1,
1,GPH Builders Merchant,"MAKITA ABRASIVE DISC 5"" 120 GRIT 10PC",P-43577,4.9,
1,GPH Builders Merchant,MAKITA SAW BLADE 255MM X 30MM - 32 TEETH,B-08626,61,
1,GPH Builders Merchant,"MAKITA ABRASIVE DISC 6"" 60 GRIT 10PC",P-37487,5.6,
1,GPH Builders Merchant,"MAKITA ABRASIVE DISC 6"" 80 GRIT 10PC",P-37493,5.6,
1,GPH Builders Merchant,"MAKITA ABRASIVE DISC 6"" 120 GRIT 10PC",P-37518,5.6,
1,GPH Builders Merchant,PTC20 - MAKITA DAB JOB SITE RADIO  (NO BATTERY),BMR104,75,
1,GPH Builders Merchant,MAKITA ZENTRO MAX DRILL BIT 20 X 920,P-77833,49.09,
1,GPH Builders Merchant,MAKITA KEYLESS CHUCK & SDS ADAPTOR,P-33788,26.5,
1,GPH Builders Merchant,PTC20 - MAKITA PLUNGE SAW 165MM - 110V (incl 2no 194368-5 guide rails & 1no p-45777 guide joint),SP6000K1/1,299.99,
1,GPH Builders Merchant,PTC20 - MAKITA PLUNGE SAW 165MM - 240V(incl 2no 194368-5 guide rails  & 1no p-45777 guide joint),SP6000K1/2,299.99,
1,GPH Builders Merchant,MAKITA SAW BLADE 216MM X 30MM - 40 TEETH,B-08872,45,
1,GPH Builders Merchant,** MAKITA BATTERY 18V LXT 3.0AH BL1830B,638409-2,53.99,
1,GPH Builders Merchant,MAKITA SAW BLADE  85MM X 15MM - 20 TEETH,B-09204,15.5,
1,GPH Builders Merchant,MAKITA SPECIALIZED METAL CUTTING BLADE 305mm -EACH,B-09765,98.87,
1,GPH Builders Merchant,MAKITA SPECIALISED CORDLESS SAW BLADE 136mm - EACH,B-10643,36.5,
1,GPH Builders Merchant,MAKITA ZENTRO MAX DRILL BIT 25 X 520,P-77920,54,
1,GPH Builders Merchant,MAKITA HSS HEX FITTING DRILL BIT  3.0MM - EACH,D-14928,1.3,
1,GPH Builders Merchant,MAKITA HSS HEX FITTING DRILL BIT  4.0MM - EACH,D-14940,1.7,
1,GPH Builders Merchant,MAKITA HSS HEX FITTING DRILL BIT  5.0MM - EACH,D-14962,2.3,
1,GPH Builders Merchant,MAKITA HSS HEX FITTING DRILL BIT  6.0MM - EACH,D-14978,2.9,
1,GPH Builders Merchant,MAKITA HSS HEX FITTING DRILL BIT  8.0MM - EACH,D-15827,13,
1,GPH Builders Merchant,MAKITA HSS HEX FITTING DRILL BIT 10MM - EACH,D-15833,6,
1,GPH Builders Merchant,MAKITA HSS HEX FITTING DRILL BIT 12MM - EACH,D-15849,9,
1,GPH Builders Merchant,MAKITA HSS HEX FITTING DRILL BIT 13MM - EACH,D-15855,12.12,
1,GPH Builders Merchant,MAKITA BIT FOR SDS PLUS HAMMERS 6.5mm - EACH,D-00094,2.3,
1,GPH Builders Merchant,MAKITA BIT FOR SDS PLUS HAMMERS 12mm - EACH,D-00234,5.48,
1,GPH Builders Merchant,MAKITA ROUTER BIT 38mm X  4mm,P-77241,42.5,
1,GPH Builders Merchant,MAKITA ROUTER BIT 35mm X 12.7mm,P-77447,38,
1,GPH Builders Merchant,MAKITA PLUNGE SAW BLADE - EACH,B-09298,43.5,
1,GPH Builders Merchant,MAKITA ROUTER BIT 31.7mm X 15.8mm,P-77431,39.5,
1,GPH Builders Merchant,MAKITA ROUTER BIT 25.4mm X 12.7mm,P-77425,37.5,
1,GPH Builders Merchant,MAKITA ROUTER BIT 24mm X 9mm,P-77453,29.5,
1,GPH Builders Merchant,MAKITA ROUTER BIT 20mm X 16mm,P-77388,20.5,
1,GPH Builders Merchant,MAKITA ROUTER BIT 19.05mm X 12.7mm,P-77366,26.5,
1,GPH Builders Merchant,MAKITA ROUTER BIT 19mm X 50mm,P-77403,50,
1,GPH Builders Merchant,MAKITA ROUTER BIT 19mm X 50mm,P-77419,43,
1,GPH Builders Merchant,MAKITA ROUTER BIT 16mm X 20mm,P-77372,21.5,
1,GPH Builders Merchant,MAKITA ROUTER BIT 16mm X 20mm,P-77394,28,
1,GPH Builders Merchant,MAKITA ROUTER BIT 15mm X 20mm,P-77263,22.5,
1,GPH Builders Merchant,MAKITA ROUTER BIT 12.71mm X 25mm,P-77257,26.5,
1,GPH Builders Merchant,MAKITA ROUTER BIT 12.7mm X 25mm,P-77279,26.5,
1,GPH Builders Merchant,MAKITA ROUTER BIT 12.7mm X 5mm,P-77285,17.5,
1,GPH Builders Merchant,MAKITA ROUTER BIT 12.7mm X 50mm,P-77338,26,
1,GPH Builders Merchant,MAKITA ROUTER BIT 12.7mm X 50mm,P-77344,25,
1,GPH Builders Merchant,MAKITA ROUTER BIT 12.7mm X 63mm,P-77350,26,
1,GPH Builders Merchant,MAKITA ROUTER BIT 12mm X 20mm,P-77291,19,
1,GPH Builders Merchant,MAKITA ROUTER BIT 12mm X 20mm,P-77300,22,
1,GPH Builders Merchant,MAKITA ROUTER BIT 12mm X 54mm,P-77316,29.5,
1,GPH Builders Merchant,MAKITA ROUTER BIT 12mm X 65mm,P-77322,29.5,
1,GPH Builders Merchant,MAKITA ROUTER BIT 10mm X 20mm,P-77534,17.5,
1,GPH Builders Merchant,MAKITA ROUTER BIT 9.5mm X 25mm,P-77469,20,
1,GPH Builders Merchant,MAKITA ROUTER BIT 8mm X 20mm,P-77528,17,
1,GPH Builders Merchant,MAKITA ROUTER BIT 6.35mm X 12.7mm,P-77475,18,
1,GPH Builders Merchant,MAKITA ROUTER BIT 6mm X 16mm,P-77512,15.5,
1,GPH Builders Merchant,MAKITA ROUTER BIT 5mm X 10mm,P-77506,17,
1,GPH Builders Merchant,MAKITA ROUTER BIT 4mm X 10mm,P-77497,17,
1,GPH Builders Merchant,MAKITA ROUTER BIT 3mm X 10mm,P-77481,16.5,
1,GPH Builders Merchant,MAKITA DUSTLESS GUARD,194044-1,95,
1,GPH Builders Merchant,MAKITA LXT BLOWER BODY ONLY,DUB182Z,54.99,
1,GPH Builders Merchant,PTC20 - MAKITA 400W ELECTRIC HEDGE TRIMMER - 240V,UH4861X,39.99,
1,GPH Builders Merchant,MAKITA STUBBY AUGER BIT 22 X 120MM - EACH,P-65919,6.7,
1,GPH Builders Merchant,MAKITA STUBBY AUGER BIT 25 X 120MM - EACH,P-65925,8,
1,GPH Builders Merchant,MAKITA SDS MASONARY BIT  10mm - EACH,D-00175,3.07,
1,GPH Builders Merchant,MAKITA SAW BLADE 250MM X 30MM - 40 TEETH,B-09818,84,
1,GPH Builders Merchant,MAKITA TMA001 MULTI TOOL SAW BLADE - EACH,B-21272,24.29,
1,GPH Builders Merchant,MAKITA TMA003 MULTI TOOL SAW BLADE - EACH,B-21294,21.51,
1,GPH Builders Merchant,**   MAKITA TMA006 MULTI TOOL SAW BLADE - EACH,B-21325,17,
1,GPH Builders Merchant,MAKITA TMA007 MULTI TOOL SAW BLADE - EACH,B-21331,15.33,
1,GPH Builders Merchant,**  MAKITA TMA008 MULTI TOOL SAW BLADE - EACH,B-21347,17.83,
1,GPH Builders Merchant,**  MAKITA TMA009 MULTI TOOL SAW BLADE - EACH,B-21353,15.33,
1,GPH Builders Merchant,**  MAKITA TMA010 MULTI TOOL SAW BLADE - EACH,B-21369,15.33,
1,GPH Builders Merchant,** MAKITA TMA012 MULTI TOOL SAW BLADE - EACH,B-21381,9.84,
1,GPH Builders Merchant,MAKITA TMA019 MULTI TOOL SCRAPER - EACH,B-21456,9.26,
1,GPH Builders Merchant,MAKITA TMA022 MULTI TOOL REMOVER BLADE - EACH,B-21484,38.84,
1,GPH Builders Merchant,MAKITA MULTI TOOL ABRASIVE PAPER - EACH,B-21559,4.4,
1,GPH Builders Merchant,STRIMMER LINE ROUND 2MM X 15M MAKITA,369224600,4.59,
1,GPH Builders Merchant,STRIMMER LINE ROUND 2.4MM X 15M MAKITA,369224602,7.98,
1,GPH Builders Merchant,STRIMMER LINE SQUARE 2.4MM X 15M MAKITA,369224606,7.98,
1,GPH Builders Merchant,STRIMMER LINE SQUARE 3MM X 15M MAKITA,369224613,13.53,
1,GPH Builders Merchant,MAKITA AUTOFEED SCREWDRIVER BIT PZ2 X 157 3PC,P-67773,16,
1,GPH Builders Merchant,MAKITA NIBBLER PUNCH FOR JN1601 - EACH,A-83951,22.12,
1,GPH Builders Merchant,PTC20 - MAKITA MULTI-TOOL 240V,TM3000C,75,
1,GPH Builders Merchant,MAKITA ULTRA MAG TORSION BIT HOLDER - EACH,B-28531,11.5,
1,GPH Builders Merchant,"MAKITA 1/4"" ROUTER / LAMINATE TRIMMER WITH TRIMMER GUIDE 110v",RT0700C/1,104.99,
1,GPH Builders Merchant,PTC20 -** MAKITA 18V LI-ION 4 PIECE KIT,DK18011,449.99,
1,GPH Builders Merchant,MAKITA ALUMINIUM CUTTING SAW BLADE 190MM X 30MM - 60 TEETH,B-09597,53,
1,GPH Builders Merchant,MAKITA RECIPROCATING BLADES METAL 225MM 5PC,P-47195,13.5,
1,GPH Builders Merchant,"PTC20 - MAKITA CUT OFF SAW 4-STROKE 12""",EK7650H,560,
1,GPH Builders Merchant,PTC20 - MAKITA 18V LXT SANDER,BBO180Z,69.99,
1,GPH Builders Merchant,MAKITA SDS MAX DRILL BIT 14 X 540,P-17083,38,
1,GPH Builders Merchant,MAKITA ROUTER TEMPLATE GUIDE ,164471-6,11.5,
1,GPH Builders Merchant,MAKITA 4 STROKE ENGINE OIL - 1 LITRE,P-21200,5.63,
1,GPH Builders Merchant,MAKITA STUBBY AUGER BIT 35 X 120MM - EACH,P-66438,9.9,
1,GPH Builders Merchant,MAKITA BULB FOR LI-ION TORCHES 2PC,A-30542,4.8,
1,GPH Builders Merchant,"REPLACEMENT CHAIN FOR MAKITA 18"" CHAINSAW",523093664,29.85,
1,GPH Builders Merchant,MAKITA 8MM RING NUT SETTER - EACH,B-28569,8.2,
1,GPH Builders Merchant,MAKITA PLUNGE CUT BLADE SET 4PC,B-30623,68,
1,GPH Builders Merchant,MAKITA ANGLE GRINDER ELECTRIC 115MM 720W 110V - WITH BLADE & CASE,GA4530KD/1,39.99,
1,GPH Builders Merchant,MAKITA ABRASIVE BELT 40 GRIT 76MM X 457MM 5PC,P-37091,10.5,
1,GPH Builders Merchant,MAKITA ABRASIVE BELT 80 GRIT 76MM X 457MM 5PC,P-37116,10.5,
1,GPH Builders Merchant,MAKITA ABRASIVE BELT 120 GRIT 76MM X 457MM 5PC,P-37138,10.5,
1,GPH Builders Merchant,MAKITA ABRASIVE BELT 40 GRIT 76MM X 533MM 5PC,P-37172,10.5,
1,GPH Builders Merchant,MAKITA ABRASIVE BELT 80 GRIT 76MM X 533MM 5PC,P-37194,10.5,
1,GPH Builders Merchant,MAKITA ABRASIVE BELT 120 GRIT 76MM X 533MM 5PC,P-37219,10.5,
1,GPH Builders Merchant,MAKITA ABRASIVE BELT 40 GRIT 100MM X 610MM 5PC,P-36887,10.5,
1,GPH Builders Merchant,MAKITA ABRASIVE BELT 80 GRIT 100MM X 610MM 5PC,P-36902,10.53,
1,GPH Builders Merchant,MAKITA ABRASIVE BELT 120 GRIT 100MM X 610MM 5PC,P-36924,10.53,
1,GPH Builders Merchant,MAKITA ROUTER TEMPLATE GUIDE 3600B,344364-5,10,
1,GPH Builders Merchant,MAKITA SDS MAX DRILL BIT 12 X 690,P-17055,58,
1,GPH Builders Merchant,MAKITA SAW BLADE 165MM X 10MM - 24 TEETH,B-09189,20.28,
1,GPH Builders Merchant,** CARBON BRUSHES,BRUSHES,12.5,
1,GPH Builders Merchant,MAKITA FIBRE CEMENT BLADE 165 X 20 - EACH,B-22997,44.85,
1,GPH Builders Merchant,MAKITA 10MM RING NUT SETTER - EACH,B-28581,8.2,
1,GPH Builders Merchant,PTC20 - MAKITA HANDHELD BLOWER 4-STROKE 24.5CC,BHX2501,145,
1,GPH Builders Merchant,MAKITA 18V LXT LI-ION FAST BATTERY CHARGER 7.2 / 14.4 / 18V (SINGLE),DC18RC,49.99,
1,GPH Builders Merchant,MAKITA HOT AIR GUN 240V,HG5012K/2,64.99,
1,GPH Builders Merchant,MAKITA HOT AIR GUN 110V,HG5012K/1,64.99,
1,GPH Builders Merchant,MAKITA SAW BLADE 190MM X 30MM - 40 TEETH,B-08486,28,
1,GPH Builders Merchant,MAKITA MAK4 SDS-MAX DRILL BIT 26 X 520,P-77958,59,
1,GPH Builders Merchant,MAKITA 14.4V or 18V LI-ION FLORESCENT TORCH - BODY ONLY,BML801,29.99,
1,GPH Builders Merchant,MAKITA 14.4V or 18V LI-ION TORCH - BODY ONLY,BML802,29.99,
1,GPH Builders Merchant,MAKITA SDS PLUS 10mm X 260mm DRILL BIT - EACH,D-00197,3.4,
1,GPH Builders Merchant,MAKITA SAW BLADE 250MM X 30MM - 60 TEETH,B-09008,41,
1,GPH Builders Merchant,MAKITA SAW BLADE 260MM X 30MM - 48 TEETH,B-09824,94,
1,GPH Builders Merchant,MAKITA SAW BLADE 305MM X 30MM - 40 TEETH,B-08997,43.5,
1,GPH Builders Merchant,MAKITA SAW BLADE 260MM X 30MM - 40 TEETH,B-08981,30.5,
1,GPH Builders Merchant,MAKITA SAW BLADE 250MM X 30MM - 32 TEETH,B-08919,30.5,
1,GPH Builders Merchant,MAKITA SAW BLADE 250MM X 30MM - 48 TEETH,B-08975,41,
1,GPH Builders Merchant,MAKITA TCT SAW BLADE CSCX21016G 2.3,B-07973,22.5,
1,GPH Builders Merchant,MAKITA ELECTRICIANS POUCH,P-71738,32.15,
1,GPH Builders Merchant,MAKITA GENERAL PURPOSE POUCH,P-71744,47.99,
1,GPH Builders Merchant,MAKITA 2 POCKET FIXINGS POUCH,P-71750,33.86,
1,GPH Builders Merchant,MAKITA DRILL HOLSTER,P-71794,24.87,
1,GPH Builders Merchant,MAKITA HEAVYWEIIGHT LEATHER BELT,P-71803,22.71,
1,GPH Builders Merchant,MAKITA SUPER-HEAVYWEIIGHT BELT,P-71819,39.43,
1,GPH Builders Merchant,MAKITA TAPE HOLDER 3-10M,P-71831,8.99,
1,GPH Builders Merchant,MAKITA PHONE & PEN HOLDER,P-71847,12.42,
1,GPH Builders Merchant,MAKITA SITE GATE HAMMER HOLDER,P-71875,13.72,
1,GPH Builders Merchant,MAKITA ELECTRICIANS MATE,P-71881,20.16,
1,GPH Builders Merchant,MAKITA FIXINGS POUCH & HAMMER HOLDER,P-71906,22.71,
1,GPH Builders Merchant,MAKITA UNIVERSAL TOOL HOLDER,P-71912,22.71,
1,GPH Builders Merchant,MAKITA KNIFE & TOOL HOLDER,P-71928,13.72,
1,GPH Builders Merchant,MAKITA 25 PIECE HSS DRILL SET 1MM - 13MM,D-54097,20.94,
1,GPH Builders Merchant,** AIR FILTER INSERT EK6100,PHAIRFIL001,11.2,
1,GPH Builders Merchant,** INNER FILTER EK6100,PHINNFIL001,5.76,
1,GPH Builders Merchant,MAKITA SDS PLUS 12mm X 310mm DRILL BIT,B-47709,8.4,
1,GPH Builders Merchant,MAKITA SDS PLUS 16mm X 600mm  DRILL ,B-47955,16.05,
1,GPH Builders Merchant,MAKITA SDS PLUS 210MM X 8MM DRILL BIT,D-00147,2.72,
1,GPH Builders Merchant,MAKITA SDS PLUS 10mm X 600mm DRILL BIT,B-47612,13,
1,GPH Builders Merchant,** PAN HEAD SCREW M4 X 12 VC3211M FOR BELT SANDER,PHMAK9111181,0.6,
1,GPH Builders Merchant,** STRAP WASHER 9403 FOR BELT SANDER,PHMAK3446237,1.8,
1,GPH Builders Merchant,** CORK RUBBER PLATE 9401/9403 FOR BELT SANDER,PHMAK4240589,2.1,
1,GPH Builders Merchant,** SANDING BELT 120 GRADE 100 X 610,PHBELT003,3,
1,GPH Builders Merchant,MAKITA DOUBLE TORSON BIT PZ2   - EACH,B-39182,8.2,
1,GPH Builders Merchant,MAKITA LI-ION BATTERY BL1840B 18V 4.0AH,BL1840B,160.7,
1,GPH Builders Merchant,** MAKITA BATTERY 18V 2AH BL1820,632B42-4,45.99,
1,GPH Builders Merchant,MAKITA ANGLE GRINDER ELECTRIC 115MM 720W 240V - WITH BLADE,GA4530R/2,39.99,
1,GPH Builders Merchant,MAKITA LASER DISTANCE MEASURE 30M,LD030P,79.99,
1,GPH Builders Merchant,"MAKITA DOLMAR 18"" CHAINSAW LOOP CHAIN",528086772,29.18,
1,GPH Builders Merchant,MAKITA AUTOFEED SCREWDRIVER BIT PZ2 X 177 3PC,P-67804,15.46,
1,GPH Builders Merchant,MAKITA SDS PLUS PERFORMANCE 12mm X 600mm DRILL BIT,B-47737,16,
1,GPH Builders Merchant,MAKITA ABRASIVE BELT 80 GRIT 30MM X 533MM 5PC,P-36697,10.65,
1,GPH Builders Merchant,PTC20 - MAKITA LAWNMOWER ROTARY ELECTRIC PUSH 33CM ,ELM3311X,49.99,
1,GPH Builders Merchant,MAKITA DOUBLE TORSION BIT PH2 - 50MM GOLD,B-39160,8.2,
1,GPH Builders Merchant,MAKITA CARBON BRUSH SET CB-440,194427-5,4.86,
1,GPH Builders Merchant,  MAKITA BATTERY 5AH,BL1850B,59.99,
1,GPH Builders Merchant,PTC20 - MAKITA 18V LXT IMPACT WRENCH - BODY ONLY,MAKP001,119.99,
1,GPH Builders Merchant,MAKITA GREASE GUN       P-90451,MAKA002,68,
1,GPH Builders Merchant,ANGLE GRINDER CORDLESS 115MM 18V LI-ION LXT MAKITA - BODY ONLY,MAKP002,109.99,
1,GPH Builders Merchant,PTC20 - MAKITA 18V LXT CORDLESS PLANER 82MM - BODY ONLY,MAKP003,109.99,
1,GPH Builders Merchant,PTC20 -JIGSAW CORDLESS 18V LI-ION LXT MAKITA - BODY ONLY,MAKP004,95,
1,GPH Builders Merchant,PTC20 - IMPACT DRIVER CORDLESS 18V LI-ION LXT MAKITA - BODY ONLY,MAKP005,45,
1,GPH Builders Merchant,MAKITA M CLASS DUST EXTRACTOR,MAKP006,429.99,
1,GPH Builders Merchant,"MAKITA - 16"" SPROCKET GUIDE BAR 3/8 50G -           165202-6",MAKA003,11.14,
1,GPH Builders Merchant,MAKITA FLAT BIT  14mm - EACH          D-07711,MAKA004,1.2,
1,GPH Builders Merchant,PTC20 - MAKITA BRUSHLESS KIT 18V 5AH 2PC,MAKP007,299.99,
1,GPH Builders Merchant,PTC20 - MAKITA 18V 4  PIECE COMBO KIT ,(SP)MAK009,349,
1,GPH Builders Merchant,MAKITA ANGLE GRINDER 115MM CORDLESS 18V,(SP)MAK001,80,
1,GPH Builders Merchant,MAKITA 18V LXT DRILL DRIVER,(SP)MAK002,80,
1,GPH Builders Merchant,MAKITA TWIN PORT CHARGER,(SP)MAK004,53.33,
1,GPH Builders Merchant,MAKITA BATTERY 4AH,(SP)MAK005,56.99,
1,GPH Builders Merchant,MAKITA BULB 18V LI-ION TORCH,(SP)MAK006,12,
1,GPH Builders Merchant,PTC20 - MAKITA 190mm SLIDE COMPOUND MITRE SAW - 2400V (STAND NOT INCLUDED),MAKS002,275,
1,GPH Builders Merchant,MAKITA AUGER BIT 14MM X 200MM,MAKA006,7,
1,GPH Builders Merchant,MAKITA 27MM X 2.1 GALV. RING COIL NAIL           (16000),MAKAFIX001,66,
1,GPH Builders Merchant,PTC20 - MAKITA TWIN CORDLESS BRUSHLESS 190mm SLIDE COMPOUND MITRE SAW - 36V (STAND NOT INCLUDED),MAKP010,399,
1,GPH Builders Merchant,PTC20 - MAKITA 18V MULTI-TOOL - QUICK CHANGE -  BODY ONLY (DTM51Z),MAKP011,89.99,
1,GPH Builders Merchant,PTC20 -**  MAKITA 10.8V CORDLESS LITHIUM-ION KIT 2PC,MAKP012,99.99,
1,GPH Builders Merchant,PTC20 - MAKITA JOB SITE SPEAKER WITH BLUETOOTH,MAKP013,62,
1,GPH Builders Merchant,MAKITA JOB SITE SPEAKER WITH BLUETOOTH/USB,MAKP014,99.99,
1,GPH Builders Merchant,PTC20 - MAKITA 4 WHEEL MAKPAC BASE ,MAKP018,50,
1,GPH Builders Merchant,MAKITA 165MM X 20MM X 25T EFFICUT BLADE BLADE,MAKP019,21.42,
1,GPH Builders Merchant,**  MAKITA 75pc DRILL & BIT SET,MAKP020,16.66,
1,GPH Builders Merchant,PTC20 - MAKITA 110V 22L M CLASS DUST EXTRACTOR,MAKP021,475,
1,GPH Builders Merchant,PTC20 - MAKITA 10.8V SLIDE TWIN PACK HP331D COMBI DRILL & TM30D MULTI TOOL,MAKP022,120,
1,GPH Builders Merchant,PTC20 - MAKITA AM/FM BLUETOOTH SITE RADIO (DMR108),MAKP023,119.99,
1,GPH Builders Merchant,CIRCULAR SAW ELECTRIC 165MM 1050W 110V MAKITA,MAK0001,99.99,
1,GPH Builders Merchant,PTC20 - MAKITA DRT50ZX4 18V LXT BRUSHLESS CORDLESS ROUTER BODY ONLY ,MAKPT0002,130,
1,GPH Builders Merchant,MAKITA 18V COMBI DRILL - X1 3AH BATT. WITH 101PC DRILL & DRIVER BIT SET,MAK19001,124.99,
1,GPH Builders Merchant,ANGLE GRINDER ELECTRIC 115MM 720W 110V MAKITA - ANTI RESTART FUNCTION,MAK19003,39.99,
1,GPH Builders Merchant,ANGLE GRINDER ELECTRIC 115MM 720W 240V MAKITA - ANTI RESTART FUNCTION,MAK19004,39.99,
1,GPH Builders Merchant,PTC20 -**  MAKITA SCREWDRIVER BIT SET 39PC,MAK19005,16.65,
1,GPH Builders Merchant,PTC20 -**  MAKITA DRILL & BIT SET 216PC,MAK19006,29.99,
1,GPH Builders Merchant,MAKITA LINE STRIMMER 24.5CC,MAK19007,233.33,
1,GPH Builders Merchant,MAKITA AUGER BIT SET 5PC,MAK19009,14.99,
1,GPH Builders Merchant,MAKITA PLUNGE ROUTER BASE ,MAK19010,41.66,
1,GPH Builders Merchant,PTC20 - MAKITA DAB JOB SITE RADIO WITH BLUETOOTH (DMR112),MAK19011,134.99,
1,GPH Builders Merchant,MAKITA 36V TWIN BRUSHLESS ANGLE DRILL - BODY ONLY ,MAK19012,319.99,
1,GPH Builders Merchant,MAKITA LAWNMOWER ROTARY ELECTRIC PUSH 37CM,MAK19015,66.66,
1,GPH Builders Merchant,"PTC20 -**  MAKITA 18V COMBI DRILL - X2 5.0AH BATT, DC18RC CHARGER.",MAK19016,149.99,
1,GPH Builders Merchant,**  MAKITA 14.4V/18V LXT USB ADAPTOR,MAKPD003,11.85,
1,GPH Builders Merchant,**  MAKITA  25PC PZ2 25MM BIT SET,MAKPD012,5.35,
1,GPH Builders Merchant,**  MAKITA SCREWDRIVER BIT SET ,MAKPD009,5.25,
1,GPH Builders Merchant,**  MAKITA  227PC GENERAL MAINTENANCE KIT,MAKPD015,86.99,
1,GPH Builders Merchant,**  MAKITA 75PC DRILL & SCREWDRIVER BIT SET,MAKPD016,13.99,
1,GPH Builders Merchant,**  S/STEEL INNSULATED MUG,MAKPD018,6.99,
1,GPH Builders Merchant,**  MAKITA LUNCH BAG,MAKPD019,14.5,
1,GPH Builders Merchant,**  MAKITA 9PC SOCKET SET ,MAKPD020,13.4,
1,GPH Builders Merchant,**  MAKITA 47PC RATCHET SET ,MAKPD021,16.99,
1,GPH Builders Merchant,**  MAKITA 29PC SCREW BIT SET ,MAKPD022,6.6,
1,GPH Builders Merchant,**  MAKITA 4PC CHISEL SET ,MAKPD023,11.85,
1,GPH Builders Merchant,**  MAKITA RATCHET SCREWDRIVER ,MAKPD024,6.55,
1,GPH Builders Merchant,**  MAKITA 18pc MIXED DRILL BIT SET,MAKPD025,11.6,
1,GPH Builders Merchant,**  MAKITA 18V COMBI DRILL BODY ONLY       ,DHP482WBO,45,
1,GPH Builders Merchant,**  MAKITA  MACPAC TYPE 2 BOX ,MACPAC02,20,
1,GPH Builders Merchant,MAKITA STARLOCK TMA065 SEGMENT SAW 85,B-65028,21.71,
1,GPH Builders Merchant,MAKITA STARLOCK TMA047 BIM  CUTSAW 32 ,B-64814,15.33,
1,GPH Builders Merchant,MAKITA STARLOCK TMA053 BIM  CUTSAW 32 ,B-64870,15.33,
1,GPH Builders Merchant,MAKITA STARLOCK TMA048 BIM  CUTSAW 65,B-64820,17.83,
1,GPH Builders Merchant,MAKITA STARLOCK TMA058 HCS  CUTSAW 32 ,B-64858,10.2,
1,GPH Builders Merchant,MAKITA STARLOCK TMA045 BIM SEGMENT SAW BLADE,B-64799,17,
